prompt,completion
"in outer space, Nordic, save the human race","In a high-stakes interstellar battle, humans combat the Nordic aliens threatening Earth's existence. A young and determined hero emerges, leading a team of skilled fighters to devise a daring plan. With humanity on the line, they must save the world, pushing the boundaries of technology and courage in a race against time."
"the moon, Reptilian, save the human race","In a desperate battle on the moon, humanity faces extinction at the hands of Reptilian aliens. As the hero emerges, fueled by a tragic past and unwavering determination, they must unite desperate survivors, harness the moon's resources, and outsmart the reptilian invaders to save the human race from annihilation."
"a space ship, Grey, save the Earth","In a desperate battle onboard a space ship, humans wage an intergalactic war against the Grey aliens. As a last hope for Earth, a courageous hero must navigate treacherous corridors, outsmart extraterrestrial foes, and ultimately save our planet from impending doom. Will humanity prevail or perish in the stars?"
"in outer space, Reptilian, save the human race","In a desperate battle for survival, humanity faces an extraterrestrial threat from the Reptilian aliens in outer space. With the fate of the human race at stake, a courageous hero emerges to lead the resistance, battling against insurmountable odds to save their species from annihilation."
"in outer space, Grey, destroy the alien home planet","In a future where humanity battles Grey aliens in outer space, a reluctant hero discovers a devastating alien secret. Determined to end the war, they embark on a perilous mission to destroy the alien home planet, using their wit, skill, and unyielding determination to ensure the survival of humankind."
"a space ship, Nordic, save the Earth","In a desperate battle aboard a space ship, humanity fights against the advanced Nordic aliens. Amidst chaos and danger, our hero, armed with unwavering determination, embarks on a treacherous mission to save Earth. As the fate of the world hangs in the balance, they discover an unexpected ally that changes everything."
"a space ship, Grey, save the Earth","In a desperate battle aboard a space ship, humans defend Earth against the ruthless Grey aliens. As chaos ensues, Captain Alex Reed, a skilled warrior haunted by a tragic past, takes command. With a daring plan and a team of misfit rebels, they set out to save humanity from annihilation."
"in outer space, Reptilian, save the human race","In a desperate battle for survival, humanity faces an alien threat from the Reptilians. As the last hope for mankind, a courageous hero sets out on a perilous mission in outer space to rescue humanity, leading an epic fight to protect the future of the human race."
"the moon, Grey, save the human race","In a dystopian future, as humans wage a desperate war against Grey aliens on the Moon, an unlikely hero emerges. With a daring plan to rescue humanity, she must face her own fears, uncover dark secrets, and rally the last remnants of hope to save the human race from extinction."
"the moon, Shape shifting, destroy the alien home planet","In a desperate battle on the moon, humans discover shape-shifting aliens threatening Earth. A courageous hero emerges, driven by revenge and a desire to protect humanity. With an audacious plan, the hero leads a mission to annihilate the alien home planet, braving treacherous lunar landscapes and unfathomable alien abilities."
"the moon, Grey, save the Earth","In a relentless battle on the moon, a brave hero discovers the Grey aliens' sinister plot to destroy Earth. With humanity's fate hanging in the balance, the hero must navigate treacherous lunar terrain, harness alien technologies, and lead a daring mission to save our planet before it's too late."
"in outer space, Nordic, destroy the alien home planet","In a desperate battle against the Nordic aliens, a bold hero leads a team of brave humans in an epic mission to outer space. With the intention to obliterate the alien home planet, they must navigate through treacherous extraterrestrial landscapes and confront the ultimate threat to save humanity from extinction."
"a space ship, Reptilian, save the Earth","In a desperate battle aboard a space ship, humanity fights against ferocious Reptilian aliens on the brink of invading Earth. Our hero, armed with her unmatched courage and intellect, leads a mission to save the planet, unveiling a hidden ancient weapon that can tip the scales of the war."
"the moon, Shape shifting, save the Earth","In a fierce battle on the moon, humans face a relentless invasion by shape-shifting aliens. As the Earth hangs in the balance, a courageous hero rises to fight back. With determination and resourcefulness, they must uncover the aliens' secret plan and save humanity before it's too late."
"in outer space, Reptilian, destroy the alien home planet","In a desperate battle for survival, humans combat the reptilian aliens in the heart of outer space. As hope dwindles, a courageous hero emerges with a daring plan: to lead a mission to the alien homeworld and eradicate the threat once and for all, risking everything for humanity's chance at peace."
"in outer space, Reptilian, save the human race","In the midst of an intergalactic war between humans and reptilian aliens, a charismatic hero, armed with extraordinary skills, sets out on a daring mission to save the human race from extinction. Caught in a battle for survival, the hero must face unimaginable challenges in the depths of outer space."
"a space ship, Reptilian, save the Earth","In the depths of space, aboard a besieged spaceship, humanity battles the ruthless Reptilian aliens. With Earth on the brink of annihilation, a reluctant hero emerges, fueled by a desire to save his homeworld. With courage and cunning, he leads a daring mission to outsmart the reptilian invaders and protect humanity's future."
"a space ship, Shape shifting, save the human race","In a high-stakes battle aboard a space ship, a hero must lead the fight against Shape shifting aliens threatening the human race. As tensions rise, alliances are tested and secrets are revealed, humanity's survival rests on the hero's ability to outsmart the alien invaders and protect their future."
"the moon, Reptilian, save the Earth","In a future where Reptilian aliens have infiltrated Earth, a brave hero sets out on a perilous journey to the moon to find a weapon that can stop the invasion. With time running out, they must battle against the extraterrestrial enemy to save humanity and bring peace back to Earth."
"the moon, Reptilian, destroy the alien home planet","In a daring mission to save humanity, a courageous hero embarks on a journey to the moon, where humans are locked in a deadly battle against Reptilian aliens. With a daring plan to destroy the alien home planet, the fate of both species hangs in the balance. Will the hero succeed?"
"a space ship, Grey, destroy the alien home planet","In a desperate battle against the Grey aliens, a courageous hero leads a group of humans on a space ship, determined to destroy the alien home planet and save humanity. With unexpected alliances and heart-pounding action, they race against time to prevent the extinction of the human race."
"the moon, Shape shifting, save the Earth","In a battle for Earth's survival, a brave hero wages war against shape-shifting aliens on the moon. With the fate of humanity at stake, our hero must use their wits and skills to outsmart the extraterrestrial threat and save our planet from impending destruction."
"a space ship, Nordic, save the human race","In a desperate battle aboard a space ship, humans engage in a fierce war against the Nordic aliens. As the impending doom looms, a brave hero emerges, determined to devise a plan to save humanity from extinction. With time running out, they embark on a perilous mission that will forever change the fate of mankind."
"in outer space, Shape shifting, save the Earth","In a desperate battle against shape-shifting aliens bent on Earth's destruction, a courageous hero ventures into the vast expanse of outer space. Armed with advanced technology and unwavering determination, they strive to overcome personal demons and save humanity from annihilation, their actions forever shaping the destiny of Earth."
"in outer space, Reptilian, destroy the alien home planet","In a desperate battle for survival, humanity wages war against the formidable Reptilian aliens. With an audacious plan, a courageous hero ventures into the depths of outer space, determined to annihilate the alien home planet, and save his species from imminent extinction. The fate of mankind hangs in the balance."
"the moon, Nordic, save the Earth","In a desperate battle for Earth's survival, a courageous hero sets out on a dangerous mission to the moon. With the Nordic aliens threatening humanity's existence, the hero must uncover a hidden secret that could change the outcome of the war and ultimately save their home planet."
"in outer space, Grey, destroy the alien home planet","In a high-stakes battle for survival in outer space, humanity clashes with the Grey aliens. Amidst the chaos, a determined hero emerges, vowing to obliterate the alien home planet. As secrets unravel and unexpected alliances form, the fate of both species hangs in the balance in an epic showdown."
"a space ship, Grey, save the Earth","In a desperate fight against Grey aliens aboard a space ship, a courageous hero rallies the human crew to save Earth. With determination and tactical brilliance, they must outsmart the invaders, uncover their hidden agenda, and risk it all to defend their home planet from imminent destruction."
"in outer space, Nordic, save the human race","In a gripping interstellar battle, a heroic astronaut embarks on a perilous mission to save humanity from the ruthless Nordic aliens. As they navigate the treacherous depths of outer space, the fate of mankind rests on their bravery, resourcefulness, and unwavering determination to protect their species at any cost."
"the moon, Shape shifting, save the Earth","In a desperate battle for Earth's survival, a courageous hero leads a team of human soldiers on a treacherous mission to the moon. Confronted with shape-shifting aliens, the hero must unravel their secret plans to unleash a devastating weapon, ultimately risking everything to save humanity and restore peace."
"the moon, Shape shifting, save the human race","In a desperate war on the moon, humans face extinction against shape-shifting aliens. A courageous hero emerges, determined to save humanity. Uniting a team of skilled fighters, they discover a secret weapon capable of neutralizing the aliens. As the battles intensify, the fate of the human race hangs in the balance."
"in outer space, Nordic, destroy the alien home planet","In a relentless interstellar war, as humans battle the formidable Nordic aliens in the depths of space, a courageous hero emerges with a perilous mission: to obliterate the alien home planet. With the fate of humanity hanging in the balance, redemption, sacrifice, and a clash of civilizations will decide our destiny."
"in outer space, Grey, destroy the alien home planet","In a desperate intergalactic war, a courageous hero rallies a group of humans to wage an epic battle against the Grey aliens. Faced with imminent defeat, they devise a daring plan to infiltrate and obliterate the alien home planet in a final gambit for humanity's survival and freedom."
"the moon, Reptilian, destroy the alien home planet","In a desperate battle for survival, humans wage war against Reptilian aliens on the moon. A courageous hero emerges with a daring plan to annihilate the alien home planet, seeking revenge for their destructive invasion. As the fate of mankind hangs in the balance, a thrilling interstellar showdown unfolds."
"in outer space, Shape shifting, save the Earth","In a gripping outer space battle, courageous humans clash with shape-shifting aliens hell-bent on Earth's destruction. As chaos ensues, our hero emerges, determined to save the planet at any cost. With his unwavering bravery and strategic genius, he leads the ultimate fight for survival against the extraterrestrial menace."
"a space ship, Grey, destroy the alien home planet","In the midst of a galactic war, a rebellious hero onboard a space ship leads a desperate mission to annihilate the Grey alien home planet, aiming to end their sinister conquest of the universe. But as the hero delves deeper into enemy territory, they discover shocking truths that challenge everything they know."
"in outer space, Grey, destroy the alien home planet","In a desperate battle against the Grey aliens, a determined hero leads a group of fearless humans in a mission to destroy the alien home planet, risking everything to save the future of humanity. As they face unfathomable challenges in the vastness of outer space, betrayal and sacrifice become their only hope."
"the moon, Grey, save the Earth","In a battle for Earth's survival, a courageous hero leads a team of humans on a mission to the moon, engaging in a deadly war against the Grey aliens. With the fate of humanity hanging in the balance, they must find a way to save the planet before it falls into extraterrestrial hands."
"the moon, Shape shifting, save the human race","In a desperate battle on the moon, shape-shifting aliens threaten humanity's survival. With the hero at the forefront, a small group of rebels strategize to counter the aliens' superior abilities and save the human race. As secrets unravel and sacrifices are made, the ultimate destiny of Earth lies within their hands."
"a space ship, Nordic, save the human race","In a desperate battle aboard a space ship, humanity faces extinction as they fight the superior Nordic aliens. A courageous hero emerges, determined to save his species. With cunning strategy and unwavering determination, he leads a daring mission to overthrow the aliens, securing victory and the survival of mankind."
"in outer space, Shape shifting, save the Earth","In a thrilling space adventure, humanity faces a relentless enemy â€“ shape-shifting aliens. As Earth's last hope, a courageous hero embarks on a perilous mission to uncover a weapon capable of defeating the invaders. With time running out, they must summon extraordinary bravery to save our planet from annihilation."
"in outer space, Shape shifting, save the human race","In a distant future, as humanity faces annihilation by shape-shifting aliens, a reluctant hero embarks on a perilous mission in outer space. Armed with courage, wit, and unyielding determination, he must find a way to outsmart the aliens and save the human race from extinction."
"in outer space, Grey, save the Earth","In a galactic war between humans and Grey aliens, a courageous hero vows to save Earth from impending destruction. As battles rage through the depths of outer space, the hero's journey leads to a shocking revelation that could change the fate of humanity forever. Will he succeed in averting disaster?"
"a space ship, Nordic, save the human race","In a desperate battle aboard a space ship, brave humans clash with Nordic aliens, determined to eradicate humanity. The last hope rests with the hero, who must navigate treacherous challenges, unite divided factions, and ultimately save the human race from annihilation. Time is running out."
"the moon, Grey, destroy the alien home planet","In a lunar colony under attack from the Grey aliens, a determined hero rallies a band of survivors to fight back. Discovering the aliens' secret plan to invade Earth, the hero embarks on a dangerous mission to destroy their home planet and save humanity, risking everything for a chance at victory."
"in outer space, Shape shifting, save the Earth","In a battle for survival, humans engage in a relentless war against shape-shifting aliens in the vast expanse of outer space. As Earth faces imminent destruction, a determined hero emerges, leading a daring mission to uncover the aliens' weakness and save humanity from annihilation."
"a space ship, Reptilian, save the Earth","In a desperate battle for Earth's survival, a courageous hero leads a group of humans aboard a space ship against savage Reptilian aliens. As tensions rise and alliances are tested, they must uncover the aliens' secret weapon and find a way to save humanity from imminent destruction."
"the moon, Shape shifting, destroy the alien home planet","In a desperate battle for survival on the moon, humans wage war against shape-shifting aliens. A reluctant hero emerges, determined to end the conflict by destroying the alien home planet. With high stakes and unexpected allies, our hero must navigate treacherous terrain to save humanity in an epic science fiction showdown."
"in outer space, Shape shifting, save the Earth","In a desperate battle for survival, humans clash with shape-shifting aliens in the vastness of outer space. As Earth faces imminent destruction, a courageous hero leads a daring mission to uncover the aliens' weakness and save the planet. Will humanity's last hope prevail against this formidable extraterrestrial threat?"
"in outer space, Nordic, destroy the alien home planet","In a desperate battle against Nordic aliens, a fearless hero leads a human resistance in outer space. Determined to end the threat, they embark on a perilous mission to destroy the alien home planet, facing unimaginable risks, unexpected alliances, and an ultimate clash for the survival of humanity."
"in outer space, Nordic, save the Earth","In a desperate battle for Earth's survival, humanity clashes against the Nordic aliens in a cosmic showdown. As devastation spreads, a brave hero emerges, driven by the determination to rescue their home planet. With the fate of Earth in the balance, they embark on a perilous mission to save their kind."
"in outer space, Shape shifting, save the human race","In a galaxy consumed by war, courageous hero must navigate the treacherous depths of space to halt the shape-shifting alien invasion and rescue the human race from certain extinction. With the fate of humanity hanging in the balance, the hero faces impossible challenges and discovers unexpected allies along the way."
"a space ship, Nordic, save the Earth","In a fierce battle aboard a space ship, humans engage in a life-or-death struggle against Nordic aliens. As the hero emerges, determined to save Earth, she uncovers a dark secret that could change the fate of both species forever. With time running out, she must make a choice that will define humanity's survival."
"a space ship, Shape shifting, destroy the alien home planet","In a desperate battle aboard a space ship, humans fight against shape-shifting aliens. Driven by vengeance and a determination to end the threat forever, the reluctant hero embarks on a risky mission to destroy the alien's home planet, leading to an epic showdown that will decide the fate of both species."
"in outer space, Nordic, save the human race","In a desperate battle for survival, humans engage in an intergalactic war against the Nordic aliens. As Earth faces annihilation, a reluctant hero emerges, determined to save the human race. With an unyielding spirit and unexpected allies, they embark on a perilous mission to tip the scales and secure humanity's future."
"in outer space, Nordic, destroy the alien home planet","In a battle for survival, humans face off against the formidable Nordic aliens in a high-stakes space war. A determined hero leads a daring mission to their home planet, ready to unleash a devastating blow that could tip the scales of the war and save humanity from imminent destruction."
"the moon, Shape shifting, destroy the alien home planet","In a war-torn Moon colony, humanity battles shape-shifting aliens for survival. With dwindling resources, the brave hero leads a daring mission to infiltrate the alien home planet and deliver a devastating blow. As secrets and sacrifices unfold, the fate of both species hangs in the balance."
"a space ship, Shape shifting, destroy the alien home planet","In a high-stakes battle aboard a space ship, determined humans face off against shape-shifting aliens. The hero, driven by vengeance and a desire for peace, embarks on a daring mission to obliterate the alien home planet, balancing personal sacrifice with the fate of the universe hanging in the balance."
"a space ship, Grey, save the Earth","In a desperate battle against the Grey aliens onboard a space ship, a tenacious hero rallies a small group of humans to save Earth. Amidst the chaos, they uncover a secret weapon that could turn the tide, but must confront their own inner demons to succeed. Time is running out."
"a space ship, Shape shifting, save the human race","On a space ship, humans battle shape-shifting aliens aiming to eradicate the human race. The hero, armed with advanced technology and unwavering courage, must uncover the aliens' weakness and rally the remaining survivors to mount a final, desperate defense before they are assimilated and Earth is lost forever."
"a space ship, Reptilian, save the Earth","In a desperate battle between humans and the Reptilian aliens on a space ship, a courageous hero emerges, driven by a burning desire to save Earth from impending doom. With limited resources and against all odds, the hero must devise a daring plan to thwart the Reptilian threat and preserve humanity's future."
"a space ship, Reptilian, save the human race","In the deep depths of space, a valiant hero onboard a spaceship leads humanity's last stand against the formidable Reptilian aliens. With unmatched bravery, he fights to save the remaining humans, using both his intellect and unmatched combat skills, determined to ensure the survival of the human race."
"in outer space, Grey, destroy the alien home planet","In a desperate intergalactic battle, humans combat the Grey aliens who threaten Earth's existence. With unmatched courage, the heroic protagonist leads a mission to annihilate the alien homeworld, igniting a thrilling space odyssey where hope, sacrifice, and the fate of humanity hang in the delicate balance of the cosmos."
"a space ship, Reptilian, destroy the alien home planet","In a desperate battle for survival, a courageous human hero leads a team aboard a space ship to wage war against the Reptilian aliens. Determined to end the conflict once and for all, they embark on a treacherous mission to infiltrate the alien home planet and deliver an explosive blow."
"a space ship, Shape shifting, save the human race","In a desperate battle aboard a space ship, humans face a relentless onslaught from shape-shifting aliens. The courageous hero, armed with advanced technology, embarks on a dangerous mission to save humanity. As secrets unravel and sacrifices are made, the fate of the human race hangs in the balance."
"the moon, Shape shifting, save the human race","In a desperate battle for survival on the moon, humans face a formidable adversary: shape-shifting aliens. A reluctant hero emerges, determined to lead and unite the scattered resistance, using his ingenuity and courage to save humanity from impending extinction in a thrilling fight for the future of mankind."
"a space ship, Grey, destroy the alien home planet","In a desperate battle for survival, a brave hero leads a group of humans on a space ship to fight the Grey aliens. With the fate of humanity hanging in the balance, the hero hatches a dangerous plan to destroy the alien's home planet, facing unimaginable dangers and sacrifices along the way."
"the moon, Nordic, save the human race","In a desperate battle for survival, humans must defend the moon from Nordic aliens. Our hero, armed with courage and determination, sets out to secure the future of humanity. As secrets are unraveled and sacrifices made, the fate of the human race hangs in the balance on the lunar battlefield."
"a space ship, Reptilian, destroy the alien home planet","In a harrowing battle aboard a space ship, humans face off against Reptilian aliens in an epic fight for survival. As the hero emerges, driven by vengeance, their sole purpose becomes to annihilate the alien home planet, plunging them into a perilous mission that will determine the fate of both species."
"in outer space, Reptilian, destroy the alien home planet","In a distant future, as humans battle the reptilian aliens across the vastness of outer space, a fearless hero emerges. Determined to end the relentless war, the hero embarks on a perilous mission to destroy the alien home planet, unaware that the fate of Earth lies in their hands."
"in outer space, Reptilian, save the human race","In the depths of outer space, a fierce battle unfolds between humans and Reptilian aliens. Amidst the chaos, a determined hero emerges, vowing to save humanity from extinction. With unyielding courage and advanced technology, they lead a desperate mission to thwart the reptilian invaders and secure the future of mankind."
"a space ship, Reptilian, save the Earth","In a desperate battle aboard a space ship, humanity fights to defend Earth from the relentless Reptilian aliens. The courageous hero, armed with advanced technology and unwavering determination, leads a mission to uncover the aliens' weakness and save our planet from impending doom."
"the moon, Shape shifting, destroy the alien home planet","In a desperate battle for survival, humans on the moon engage in an epic war against shape-shifting aliens. As hope dwindles, a brave hero emerges, determined to bring an end to the alien onslaught. With a risky plan to destroy the alien home planet, our hero becomes humanity's last hope for victory. "
"a space ship, Reptilian, save the human race","In a desperate battle for survival aboard a space ship, humans face off against the ruthless Reptilian aliens. The heroic protagonist, determined to save humanity, unearths a hidden weapon capable of turning the tide. With time running out, they must unite and unleash its power before all hope fades in the void of space."
"in outer space, Grey, destroy the alien home planet","In a distant future, as humans wage an intergalactic war against the Grey aliens, a reluctant hero rises. Driven by personal loss, he embarks on a perilous mission to uncover the aliens' secret weapon. Determined to end the conflict, he must navigate treacherous space to reach their home planet and initiate its destruction."
"a space ship, Shape shifting, save the Earth","In a race against time, a rogue cyborg and a fearless astronaut team up to stop an invasion of shape-shifting aliens on their spaceship. As they uncover a hidden alien plot to destroy Earth, they must use their skills and courage to save humanity before it's too late."
"in outer space, Nordic, save the human race","In the vast expanse of outer space, humanity faces the impending threat of Nordic aliens. As despair grows, a courageous hero emerges, fueled by a desire to save mankind. With determination and ingenuity, the hero embarks on a daring mission to outsmart the aliens and ensure the survival of the human race."
"a space ship, Grey, destroy the alien home planet","In the midst of a fierce intergalactic war, a courageous human pilot leads a team on a perilous mission aboard an advanced space ship. Their objective: infiltrate the Grey aliens' home planet and annihilate it, risking everything to save humanity from a ruthless extraterrestrial threat."
"a space ship, Reptilian, save the Earth","In a desperate battle aboard a space ship, humanity faces the fierce Reptilian aliens, who aim to conquer Earth. As chaos ensues, a courageous hero emerges, determined to save their homeworld. With unexpected allies and advanced technology, they embark on a thrilling journey to ensure the survival of humanity."
"in outer space, Shape shifting, save the human race","In a desperate battle for survival, humanity faces the relentless onslaught of shape shifting aliens in the depths of outer space. With the fate of the human race hanging in the balance, a courageous hero rises, determined to discover a way to stop the invaders and ensure a future for all."
"in outer space, Reptilian, save the human race","In a distant future, as Reptilian aliens threaten to annihilate humanity, a fearless hero embarks on a perilous mission to save the endangered human race. With advanced technology and unwavering determination, they must outwit the cunning aliens, leading a last-ditch effort to preserve our existence among the stars."
"the moon, Grey, save the human race","In a desperate battle for survival, humanity's last hope lies on the moon. As the hero discovers a mysterious ancient artifact, they unlock unimaginable powers to confront the Grey aliens. With the fate of the human race hanging in the balance, they embark on an epic mission to save Earth."
"a space ship, Grey, save the Earth","In a desperate battle aboard a space ship, brave humans fight against the Grey aliens who threaten Earth's destruction. As the hero uncovers a sinister plot, she races against time to save humanity, unlocking a hidden power within herself to wage a final, epic battle for the fate of the planet."
"the moon, Nordic, save the Earth","In a thrilling battle for Earth's survival, a courageous hero embarks on a perilous mission to the moon. Facing the treacherous Nordic aliens, our protagonist must outwit their advanced technology, rally a team of unlikely allies, and ultimately save humanity from impending destruction."
"in outer space, Shape shifting, save the human race","In a desolate future, as humanity faces extinction from shape-shifting aliens across the vastness of outer space, a courageous hero leads a last-ditch mission to liberate Earth. With the odds against them, they must unlock the secrets of the aliens' shifting abilities to save their species from annihilation."
"in outer space, Reptilian, save the human race","In a distant future, as humanity faces extinction at the hands of Reptilian aliens, an unlikely hero emerges. Equipped with futuristic technology and unwavering determination, she embarks on a perilous mission to lead the battle against the invaders, aiming to save the human race from annihilation in a cosmic showdown."
"the moon, Shape shifting, destroy the alien home planet","In a battle for survival on the moon, humans struggle against shape-shifting aliens. A heroic astronaut, determined to save humanity, embarks on a perilous mission to destroy the alien home planet. Racing against time, they must uncover the aliens' secrets and face their own inner demons to ensure humanity's future."
"in outer space, Shape shifting, save the Earth","In a distant future, as humanity battles shape-shifting aliens across the cosmos, an unlikely hero emerges. Armed with extraordinary skills and a determination to save Earth, the hero navigates treacherous encounters and uncovers a shocking truth that could change the course of the war, and the destiny of humanity."
"a space ship, Shape shifting, destroy the alien home planet","In a high-stakes battle aboard a space ship, humans confront shape shifting aliens. The film follows a heroic protagonist determined to save humanity by embarking on a perilous mission to obliterate the alien home planet. As the clock ticks, the fate of humanity hangs in the balance."
"in outer space, Reptilian, save the Earth","In a war-ravaged future, humanity battles Reptilian aliens for control of Earth. With hope fading, a courageous hero embarks on a perilous mission to outer space, seeking an ancient artifact that could turn the tide of the war. As tensions rise, survival of humanity hangs on the brink of oblivion."
"a space ship, Reptilian, save the Earth","In a desperate battle for Earth's survival, a courageous hero leads a team aboard a space ship to thwart the Reptilian alien invasion. As tension rises and friendships are tested, the hero must unlock hidden powers to defeat the formidable enemy and secure the future of humanity."
"a space ship, Grey, save the Earth","In a distant future, on an advanced space ship, humanity battles the insidious Grey aliens who seek to conquer Earth. A brave hero, armed with ingenuity and courage, embarks on a perilous journey to save our planet. As alliances are tested, the fate of humanity hangs in the balance."
"the moon, Reptilian, save the human race","In a desperate battle for survival on the moon, humanity faces the Reptilian aliens. Our last hope lies with a fearless hero, who must uncover the aliens' plan to enslave mankind. Armed with determination and advanced weaponry, they embark on a mission to save humanity from its impending doom."
"in outer space, Grey, destroy the alien home planet","In a gripping battle amidst the abyss of outer space, humanity wages a desperate war against the formidable Grey aliens. A courageous hero emerges, determined to end the intergalactic conflict by infiltrating the alien home planet, confronting their technologically advanced leader, and ultimately obliterating the source of the extraterrestrial threat."
"in outer space, Reptilian, save the human race","In a desperate battle for survival, a courageous hero defies all odds and embarks on a mission to save humanity from the clutches of the menacing Reptilian aliens. Set in the vast expanse of space, this science fiction epic will test the limits of human resilience, ingenuity, and bravery."
"a space ship, Nordic, save the human race","In a fierce intergalactic battle, a brave and determined hero aboard a space ship must rally humanity and lead them against the Nordic aliens. With the fate of the human race hanging in the balance, the hero races against time to save mankind from annihilation."
"the moon, Grey, destroy the alien home planet","In a desperate battle on the moon, humans wage war against the Grey aliens. Our hero, armed with extraordinary technology, embarks on a daring mission to infiltrate the alien home planet. As the fate of Earth hangs in the balance, the hero must confront a shocking revelation that changes everything."
"a space ship, Nordic, save the Earth","In a desperate battle against Nordic aliens aboard a space ship, a brave hero leads a team to save Earth. With cunning tactics, they outsmart the invaders, unleashing a revolution of hope. As alliances form and sacrifices are made, they must unite to overcome the alien threat and secure humanity's future."
"in outer space, Reptilian, destroy the alien home planet","In a desperate battle for Earth's survival, a courageous hero leads a team of humans in an intergalactic war against a fearsome race of Reptilian aliens. Their only hope lies in a daring mission to destroy the alien home planet, risking everything to save humanity and reclaim their stolen future."
"a space ship, Shape shifting, save the human race","In a space ship besieged by shape-shifting aliens, the last hope for humanity lies in a reluctant hero. As he battles the alien threat and uncovers a sinister plot, he must rally a diverse group of survivors, ultimately risking everything to save the human race and restore peace to the galaxy."
